led,relative_error
365,0.06174654833589219
415,0.061774228690794436
465,0.05065462656288424
480,0.04995007263382413