led,relative_error
365,0.06643708379471354
415,0.06406040947197783
465,0.053193414321612696
480,0.056969547663666936